{
	"partitions" : [
		{
			"name" : "Top",
			"pins" : [
				{
					"name" : "error",
					"strict" : false
				},
				{
					"name" : "an[5]",
					"strict" : false
				},
				{
					"name" : "an[12]",
					"strict" : false
				},
				{
					"name" : "an[23]",
					"strict" : false
				},
				{
					"name" : "an[0]",
					"strict" : false
				},
				{
					"name" : "an[1]",
					"strict" : false
				},
				{
					"name" : "an[2]",
					"strict" : false
				},
				{
					"name" : "an[3]",
					"strict" : false
				},
				{
					"name" : "an[4]",
					"strict" : false
				},
				{
					"name" : "an[6]",
					"strict" : false
				},
				{
					"name" : "an[7]",
					"strict" : false
				},
				{
					"name" : "an[8]",
					"strict" : false
				},
				{
					"name" : "an[9]",
					"strict" : false
				},
				{
					"name" : "an[10]",
					"strict" : false
				},
				{
					"name" : "an[15]",
					"strict" : false
				},
				{
					"name" : "an[17]",
					"strict" : false
				},
				{
					"name" : "an[18]",
					"strict" : false
				},
				{
					"name" : "an[19]",
					"strict" : false
				},
				{
					"name" : "an[20]",
					"strict" : false
				}
			]
		}
	]
}